{"DoubleHTag_10": {"p2": 0.19400972925072046, "p0": 0.02552566371974243, "p1": -0.1378538490111692}, "DoubleHTag_11": {"p2": 0.39154212629449425, "p0": 0.12688482001710313, "p1": -0.4297913662485454}, "DoubleHTag_2": {"p2": 0.14087345188305195, "p0": 0.009360468341078402, "p1": -0.06932795509377392}, "DoubleHTag_3": {"p2": 0.18600895487884384, "p0": 0.02311685830563531, "p1": -0.12755914522232684}, "DoubleHTag_0": {"p2": 0.10844617614693916, "p0": 0.002834437634362914, "p1": -0.031600106497515365}, "DoubleHTag_1": {"p2": 0.12288145367430175, "p0": 0.005301792700220278, "p1": -0.0473995466491562}, "DoubleHTag_6": {"p2": 0.20553831318684135, "p0": 0.029413346844455648, "p1": -0.15306465069214917}, "DoubleHTag_7": {"p2": 0.3488209956089059, "p0": 0.10011227822720666, "p1": -0.36228325263665306}, "DoubleHTag_4": {"p2": 0.1146806215482557, "p0": 0.003909720236868821, "p1": -0.03844222858890391}, "DoubleHTag_5": {"p2": 0.14603745910336413, "p0": 0.01077439161159956, "p1": -0.07584666212185125}, "DoubleHTag_8": {"p2": 0.11417844735964204, "p0": 0.003972234305950564, "p1": -0.03809700138195479}, "DoubleHTag_9": {"p2": 0.14334429016524458, "p0": 0.010149129964926534, "p1": -0.0725493785672708}}